City_ID,City,Country,Date,Lat,Lng,Max Temp,Weather,Humidity,Cloudiness,Wind Speed,Rain,Snow
0,Zhangye,CN,2020-04-25 00:13:22,38.93,100.45,49.15,clear sky,17,0,6.02,0.0,0.0
1,Rikitea,PF,2020-04-25 00:12:56,-23.12,-134.97,76.98,overcast clouds,68,96,8.5,0.0,0.0
2,Provideniya,RU,2020-04-25 00:14:14,64.38,-173.3,29.34,clear sky,92,1,10.16,0.0,0.0
3,Ushuaia,AR,2020-04-25 00:16:52,-54.8,-68.3,37.4,shower rain,64,75,9.17,0.0,0.0
4,Henties Bay,NA,2020-04-25 00:16:52,-22.12,14.28,57.0,broken clouds,96,66,1.01,0.0,0.0
5,Saint-Philippe,RE,2020-04-25 00:16:53,-21.36,55.77,75.2,broken clouds,83,75,5.82,0.0,0.0
6,Punta Arenas,CL,2020-04-25 00:16:53,-53.15,-70.92,41.0,few clouds,65,20,14.99,0.0,0.0
7,Yevlax,AZ,2020-04-25 00:16:53,40.61,47.15,42.8,overcast clouds,93,90,3.44,0.0,0.0
8,Manicore,BR,2020-04-25 00:16:54,-5.81,-61.3,80.6,light rain,88,92,0.94,0.92,0.0
9,Port Hardy,CA,2020-04-25 00:16:54,50.7,-127.42,57.2,overcast clouds,62,90,17.22,0.0,0.0
10,Atuona,PF,2020-04-25 00:16:54,-9.8,-139.03,81.66,clear sky,72,1,13.24,0.0,0.0
11,Tuktoyaktuk,CA,2020-04-25 00:16:55,69.45,-133.04,-0.4,overcast clouds,77,90,9.17,0.0,0.0
12,Yellowknife,CA,2020-04-25 00:14:11,62.46,-114.35,23.0,light snow,79,90,13.87,0.0,0.0
13,Qaanaaq,GL,2020-04-25 00:16:55,77.48,-69.36,19.17,overcast clouds,87,98,1.28,0.0,0.0
14,Alta Floresta,BR,2020-04-25 00:16:56,-9.88,-56.09,74.16,light rain,87,90,0.72,0.45,0.0
15,Palu,ID,2020-04-25 00:16:56,-0.89,119.87,81.28,overcast clouds,74,87,1.39,0.0,0.0
16,Jamestown,US,2020-04-25 00:16:02,42.1,-79.24,46.99,broken clouds,80,75,8.05,0.0,0.0
17,Fort Nelson,CA,2020-04-25 00:14:03,58.81,-122.7,57.2,broken clouds,33,75,5.82,0.0,0.0
18,Albany,US,2020-04-25 00:16:57,42.6,-73.97,48.2,few clouds,45,20,3.36,0.0,0.0
19,Concepcion,CL,2020-04-25 00:16:57,-36.83,-73.05,59.0,thunderstorm,93,90,19.46,0.0,0.0
20,Riyadh,SA,2020-04-25 00:16:16,24.69,46.72,86.0,clear sky,28,5,5.82,0.0,0.0
21,Bredasdorp,ZA,2020-04-25 00:16:57,-34.53,20.04,60.8,light rain,93,70,2.24,0.25,0.0
22,Arraial Do Cabo,BR,2020-04-25 00:16:58,-22.97,-42.03,74.28,clear sky,67,0,10.33,0.0,0.0
23,Chuy,UY,2020-04-25 00:13:01,-33.7,-53.46,69.39,overcast clouds,73,86,7.74,0.0,0.0
24,Vanavara,RU,2020-04-25 00:16:58,60.34,102.28,44.2,overcast clouds,81,100,2.08,0.0,0.0
25,Marawi,PH,2020-04-25 00:16:02,8.0,124.29,86.0,broken clouds,62,84,5.01,0.0,0.0
26,Rio Gallegos,AR,2020-04-25 00:16:59,-51.62,-69.22,41.0,broken clouds,65,75,10.29,0.0,0.0
27,Buluang,PH,2020-04-25 00:16:59,13.31,123.34,84.07,scattered clouds,67,36,7.58,0.0,0.0
28,Caravelas,BR,2020-04-25 00:14:43,-17.71,-39.25,74.8,few clouds,82,17,16.62,0.0,0.0
29,Agirish,RU,2020-04-25 00:12:06,61.92,63.02,24.93,few clouds,89,14,6.38,0.0,0.0
30,Margate,GB,2020-04-25 00:13:09,51.38,1.39,48.0,clear sky,85,0,4.0,0.0,0.0
31,Butaritari,KI,2020-04-25 00:13:06,3.07,172.79,81.61,moderate rain,82,96,20.11,4.51,0.0
32,Mataura,NZ,2020-04-25 00:17:00,-46.19,168.86,52.0,light rain,90,60,15.99,1.31,0.0
33,Grand Gaube,MU,2020-04-25 00:17:00,-20.01,57.66,75.99,light rain,92,100,1.01,2.24,0.0
34,Busselton,AU,2020-04-25 00:13:15,-33.65,115.33,62.01,overcast clouds,82,100,9.33,0.0,0.0
35,Georgetown,MY,2020-04-25 00:17:01,5.41,100.34,80.6,few clouds,100,20,3.36,0.0,0.0
36,Bluff,NZ,2020-04-25 00:13:10,-46.6,168.33,52.0,light rain,90,69,15.99,1.1,0.0
37,Cape Town,ZA,2020-04-25 00:16:03,-33.93,18.42,64.4,few clouds,72,12,19.46,0.0,0.0
38,Kodiak,US,2020-04-25 00:17:02,57.79,-152.41,44.6,light rain,87,90,16.11,0.0,0.0
39,Port Lincoln,AU,2020-04-25 00:17:02,-34.73,135.87,64.65,broken clouds,70,80,10.69,0.0,0.0
40,Victoria,HK,2020-04-25 00:13:05,22.29,114.16,66.0,scattered clouds,88,40,6.93,0.0,0.0
41,Souillac,MU,2020-04-25 00:17:03,-20.52,57.52,73.4,shower rain,100,75,7.78,0.0,0.0
42,Victor Harbor,AU,2020-04-25 00:17:03,-35.57,138.62,62.01,broken clouds,89,75,4.9,0.0,0.0
43,Port Alfred,ZA,2020-04-25 00:15:59,-33.59,26.89,64.99,light rain,93,94,1.99,0.17,0.0
44,Leningradskiy,RU,2020-04-25 00:17:04,69.38,178.42,26.11,clear sky,92,0,6.22,0.0,0.0
45,Sao Jose Da Coroa Grande,BR,2020-04-25 00:17:04,-8.9,-35.15,79.88,scattered clouds,79,46,10.36,0.0,0.0
46,Kristiansund,NO,2020-04-25 00:17:04,63.11,7.73,41.0,drizzle,80,96,10.29,0.0,0.0
47,Lebu,CL,2020-04-25 00:17:05,-37.62,-73.65,56.97,light rain,89,94,17.96,1.39,0.0
48,Beira,MZ,2020-04-25 00:17:05,-19.84,34.84,73.29,clear sky,85,4,3.33,0.0,0.0
49,Taoudenni,ML,2020-04-25 00:17:05,22.68,-3.98,88.2,few clouds,16,12,12.26,0.0,0.0
50,Kaitangata,NZ,2020-04-25 00:17:06,-46.28,169.85,55.0,light rain,64,57,13.0,0.58,0.0
51,Longyearbyen,SJ,2020-04-25 00:17:06,78.22,15.64,19.4,broken clouds,52,59,11.41,0.0,0.0
52,Sakaide,JP,2020-04-25 00:17:08,34.32,133.85,59.0,clear sky,35,0,8.05,0.0,0.0
53,Thompson,CA,2020-04-25 00:17:08,55.74,-97.86,39.2,scattered clouds,35,40,6.93,0.0,0.0
54,New Norfolk,AU,2020-04-25 00:12:55,-42.78,147.06,62.01,overcast clouds,73,100,1.01,0.0,0.0
55,Mahajanga,MG,2020-04-25 00:17:09,-15.72,46.32,77.0,few clouds,94,20,2.24,0.0,0.0
56,Aviles,ES,2020-04-25 00:17:09,43.55,-5.92,57.99,mist,93,90,3.36,0.0,0.0
57,Formosa Do Rio Preto,BR,2020-04-25 00:17:09,-11.05,-45.19,71.44,scattered clouds,81,30,3.91,0.0,0.0
58,Cidreira,BR,2020-04-25 00:14:12,-30.18,-50.21,69.62,broken clouds,87,70,15.82,0.0,0.0
59,Hermanus,ZA,2020-04-25 00:17:10,-34.42,19.23,61.0,few clouds,74,23,12.71,0.0,0.0
60,Prien,US,2020-04-25 00:17:10,30.18,-93.27,78.8,clear sky,69,1,10.29,0.0,0.0
61,Barrow,US,2020-04-25 00:17:10,71.29,-156.79,5.0,clear sky,77,1,14.99,0.0,0.0
62,Ribeira Grande,PT,2020-04-25 00:17:10,38.52,-28.7,62.17,light rain,89,100,12.06,0.3,0.0
63,Roald,NO,2020-04-25 00:17:11,62.58,6.13,42.01,few clouds,86,18,2.24,0.0,0.0
64,Isangel,VU,2020-04-25 00:17:11,-19.55,169.27,78.8,broken clouds,74,75,6.93,0.0,0.0
65,Avarua,CK,2020-04-25 00:17:13,-21.21,-159.78,82.4,broken clouds,74,79,9.17,0.0,0.0
66,Maputo,MZ,2020-04-25 00:17:14,-25.97,32.59,69.01,clear sky,88,0,4.7,0.0,0.0
67,Mokhsogollokh,RU,2020-04-25 00:17:14,61.47,128.92,35.1,broken clouds,79,73,7.45,0.0,0.0
68,Prince Rupert,CA,2020-04-25 00:17:14,54.32,-130.32,51.8,overcast clouds,69,90,10.29,0.0,0.0
69,Hamilton,US,2020-04-25 00:17:14,39.18,-84.53,64.99,few clouds,59,20,3.36,0.0,0.0
70,Coruripe,BR,2020-04-25 00:17:15,-10.13,-36.18,79.2,light rain,82,86,8.59,0.18,0.0
71,Soyaux,FR,2020-04-25 00:17:15,45.65,0.2,60.01,light rain,87,2,6.93,0.34,0.0
72,Vestmanna,FO,2020-04-25 00:17:16,62.16,-7.17,42.8,broken clouds,87,71,6.93,0.0,0.0
73,Guerrero Negro,MX,2020-04-25 00:17:16,27.98,-114.06,79.05,clear sky,34,3,15.17,0.0,0.0
74,Racale,IT,2020-04-25 00:17:16,39.96,18.09,48.2,clear sky,93,5,3.36,0.0,0.0
75,Manokwari,ID,2020-04-25 00:17:17,-0.87,134.08,84.65,scattered clouds,66,46,1.34,0.0,0.0
76,Alappuzha,IN,2020-04-25 00:17:17,9.49,76.33,80.13,light rain,85,100,4.09,0.14,0.0
77,Olinda,BR,2020-04-25 00:17:17,-8.01,-34.86,78.8,shower rain,88,75,9.62,0.0,0.0
78,Leiyang,CN,2020-04-25 00:17:18,26.4,112.86,61.52,overcast clouds,71,100,2.28,0.0,0.0
79,Sant Feliu De Guixols,ES,2020-04-25 00:17:19,41.78,3.03,57.99,scattered clouds,100,30,3.36,0.0,0.0
80,Vad,RU,2020-04-25 00:17:20,55.53,44.21,37.9,light rain,90,100,7.96,0.43,0.0
81,Laguna,US,2020-04-25 00:15:35,38.42,-121.42,91.4,clear sky,15,1,9.17,0.0,0.0
82,Ulladulla,AU,2020-04-25 00:17:21,-35.35,150.47,71.01,few clouds,59,11,11.41,0.0,0.0
83,Dikson,RU,2020-04-25 00:17:21,73.51,80.55,18.05,overcast clouds,97,97,14.85,0.0,0.0
84,East London,ZA,2020-04-25 00:17:21,-33.02,27.91,66.61,light rain,83,79,11.18,0.4,0.0
85,Bandiagara,ML,2020-04-25 00:17:21,14.35,-3.61,89.6,broken clouds,38,74,6.93,0.0,0.0
86,Lazarev,RU,2020-04-25 00:17:22,52.23,141.51,29.84,light snow,98,100,3.67,0.0,0.52
87,Ojinaga,MX,2020-04-25 00:17:22,29.57,-104.42,96.8,clear sky,8,1,12.75,0.0,0.0
88,Tilichiki,RU,2020-04-25 00:17:22,60.47,166.1,24.1,clear sky,94,5,6.69,0.0,0.0
89,Pangnirtung,CA,2020-04-25 00:17:22,66.15,-65.71,35.22,overcast clouds,82,100,9.95,0.0,0.0
90,Rio Grande,BR,2020-04-25 00:17:22,-32.03,-52.1,69.01,scattered clouds,77,47,9.17,0.0,0.0
91,Korla,CN,2020-04-25 00:17:23,41.76,86.15,61.59,scattered clouds,21,32,2.48,0.0,0.0
92,Kenora,CA,2020-04-25 00:17:23,49.82,-94.43,57.2,broken clouds,28,75,8.05,0.0,0.0
93,Santa Rosa,PH,2020-04-25 00:17:23,14.31,121.11,88.0,few clouds,66,20,5.82,0.0,0.0
94,Kavieng,PG,2020-04-25 00:17:23,-2.57,150.8,83.93,light rain,74,32,6.38,0.52,0.0
95,Kismayo,SO,2020-04-25 00:17:24,-0.36,42.55,82.15,moderate rain,76,100,10.94,5.22,0.0
96,Muisne,EC,2020-04-25 00:17:24,0.6,-80.03,80.6,scattered clouds,83,40,8.05,0.0,0.0
97,Vaini,TO,2020-04-25 00:17:24,-21.2,-175.2,78.8,shower rain,94,75,4.7,0.0,0.0
98,Lavrentiya,RU,2020-04-25 00:15:43,65.58,-171.0,28.81,few clouds,94,13,7.07,0.0,0.0
99,Marsa Matruh,EG,2020-04-25 00:17:24,31.35,27.25,59.0,few clouds,72,20,5.82,0.0,0.0
100,Cairns,AU,2020-04-25 00:14:08,-16.92,145.77,82.4,few clouds,58,20,18.34,0.0,0.0
101,Chernyshevskiy,RU,2020-04-25 00:17:25,63.01,112.47,33.35,broken clouds,80,69,5.44,0.0,0.0
102,Yate,GB,2020-04-25 00:17:25,51.54,-2.42,55.0,light rain,76,76,3.36,0.32,0.0
103,Skala,PL,2020-04-25 00:17:25,50.23,19.85,54.0,overcast clouds,54,100,6.93,0.0,0.0
104,Ola,RU,2020-04-25 00:17:25,59.58,151.28,32.02,few clouds,90,15,9.55,0.0,0.0
105,San Pedro,PH,2020-04-25 00:17:26,14.35,121.02,88.0,few clouds,66,20,5.82,0.0,0.0
106,Castro,BR,2020-04-25 00:17:26,-24.79,-50.01,58.73,clear sky,69,1,2.98,0.0,0.0
107,Peniche,PT,2020-04-25 00:17:26,39.36,-9.38,57.99,scattered clouds,82,50,7.0,0.0,0.0
108,Petropavlovsk-Kamchatskiy,RU,2020-04-25 00:17:26,53.05,158.65,41.0,shower rain,60,75,8.95,0.0,0.0
109,Karratha,AU,2020-04-25 00:17:26,-20.74,116.85,85.86,few clouds,57,18,2.84,0.0,0.0
110,Ahwa,IN,2020-04-25 00:17:27,20.75,73.68,70.38,clear sky,70,0,3.76,0.0,0.0
111,Penarth,GB,2020-04-25 00:17:27,51.44,-3.18,55.0,broken clouds,93,54,6.93,0.0,0.0
112,Khasan,RU,2020-04-25 00:17:27,42.43,130.64,39.25,light rain,89,98,9.04,2.82,0.0
113,Los Llanos De Aridane,ES,2020-04-25 00:17:28,28.66,-17.92,62.6,few clouds,67,18,3.36,0.0,0.0
114,Hilo,US,2020-04-25 00:17:28,19.73,-155.09,80.6,broken clouds,54,75,8.05,0.0,0.0
115,Fairbanks,US,2020-04-25 00:17:28,64.84,-147.72,37.99,clear sky,34,1,8.05,0.0,0.0
116,Clyde River,CA,2020-04-25 00:17:29,70.47,-68.59,12.2,broken clouds,85,75,13.87,0.0,0.0
117,Port Macquarie,AU,2020-04-25 00:13:22,-31.43,152.92,75.0,clear sky,63,0,1.74,0.0,0.0
118,Salinopolis,BR,2020-04-25 00:17:30,-0.61,-47.36,80.55,light rain,82,90,12.21,2.44,0.0
119,Hobyo,SO,2020-04-25 00:17:30,5.35,48.53,83.98,moderate rain,71,81,6.64,3.19,0.0
120,Severnoye,RU,2020-04-25 00:17:30,56.35,78.36,41.72,overcast clouds,84,100,7.85,0.0,0.0
121,Maningrida,AU,2020-04-25 00:17:31,-12.07,134.27,82.47,scattered clouds,68,45,11.25,0.0,0.0
122,Vestmannaeyjar,IS,2020-04-25 00:17:31,63.44,-20.27,43.2,light rain,82,97,9.01,0.18,0.0
123,Inta,RU,2020-04-25 00:17:31,66.03,60.17,17.55,broken clouds,91,82,10.13,0.0,0.0
124,Kampot,KH,2020-04-25 00:17:31,10.62,104.18,82.4,scattered clouds,78,40,10.29,0.0,0.0
125,Sur,OM,2020-04-25 00:17:31,22.57,59.53,83.05,broken clouds,54,51,5.28,0.0,0.0
126,Chuncheng,CN,2020-04-25 00:17:31,22.17,111.79,63.23,overcast clouds,76,100,3.27,0.0,0.0
127,Santa Isabel Do Rio Negro,BR,2020-04-25 00:17:32,-0.41,-65.02,76.1,light rain,94,100,1.74,0.15,0.0
128,Effingham,US,2020-04-25 00:17:32,32.37,-81.33,75.2,clear sky,57,1,5.82,0.0,0.0
129,Ascension,US,2020-04-25 00:17:32,30.22,-90.9,81.0,clear sky,61,0,4.74,0.0,0.0
130,Ixtapa,MX,2020-04-25 00:17:32,20.7,-105.2,77.0,scattered clouds,69,40,11.41,0.0,0.0
131,La Ronge,CA,2020-04-25 00:17:32,55.1,-105.28,46.4,broken clouds,86,75,8.05,0.0,0.0
132,Nargana,PA,2020-04-25 00:17:33,9.44,-78.59,80.91,light rain,82,89,6.91,0.15,0.0
133,Westport,US,2020-04-25 00:16:06,41.14,-73.36,48.99,light rain,70,90,6.93,0.0,0.0
134,Tabas,IR,2020-04-25 00:17:33,33.6,56.92,73.4,clear sky,33,0,4.7,0.0,0.0
135,San Mateo Del Mar,MX,2020-04-25 00:17:33,16.2,-95.0,84.38,clear sky,70,0,11.54,0.0,0.0
136,Dingle,PH,2020-04-25 00:13:19,11.0,122.67,82.89,light rain,76,63,13.73,0.33,0.0
137,Iquique,CL,2020-04-25 00:15:10,-20.22,-70.14,66.2,few clouds,72,23,16.11,0.0,0.0
138,Mount Gambier,AU,2020-04-25 00:17:34,-37.83,140.77,53.6,overcast clouds,93,90,10.29,0.0,0.0
139,Hualmay,PE,2020-04-25 00:17:34,-11.1,-77.61,69.85,few clouds,73,17,6.08,0.0,0.0
140,Atasu,KZ,2020-04-25 00:17:34,48.68,71.64,43.57,overcast clouds,67,100,11.72,0.0,0.0
141,Logan,US,2020-04-25 00:14:12,41.74,-111.83,60.8,overcast clouds,31,90,3.36,0.0,0.0
142,Bambous Virieux,MU,2020-04-25 00:17:36,-20.34,57.76,75.99,shower rain,100,75,10.16,0.0,0.0
143,Norman Wells,CA,2020-04-25 00:17:37,65.28,-126.83,14.0,broken clouds,51,75,17.22,0.0,0.0
144,Puerto Ayora,EC,2020-04-25 00:17:37,-0.74,-90.35,84.2,broken clouds,66,75,13.87,0.0,0.0
145,Ostrovnoy,RU,2020-04-25 00:17:37,68.05,39.51,27.66,light snow,97,100,15.97,0.0,0.89
146,Escanaba,US,2020-04-25 00:17:37,45.75,-87.06,48.99,clear sky,56,1,8.05,0.0,0.0
147,Sunnyside,US,2020-04-25 00:17:37,46.32,-120.01,68.0,overcast clouds,40,90,12.24,0.0,0.0
148,Morehead,US,2020-04-25 00:16:32,37.27,-87.18,69.8,clear sky,59,1,3.0,0.0,0.0
149,Erzin,TR,2020-04-25 00:17:38,36.96,36.2,57.99,light rain,79,99,3.56,0.19,0.0
150,Ust-Kalmanka,RU,2020-04-25 00:17:38,52.12,83.31,61.65,overcast clouds,29,95,10.54,0.0,0.0
151,Beringovskiy,RU,2020-04-25 00:17:38,63.05,179.32,23.16,overcast clouds,96,98,9.82,0.0,0.0
152,Aklavik,CA,2020-04-25 00:13:56,68.22,-135.01,8.6,clear sky,50,5,5.82,0.0,0.0
153,Gorontalo,ID,2020-04-25 00:16:24,0.54,123.06,82.76,scattered clouds,75,50,1.7,0.0,0.0
154,Namatanai,PG,2020-04-25 00:17:00,-3.67,152.43,84.0,light rain,74,55,8.46,0.12,0.0
155,Erenhot,CN,2020-04-25 00:17:39,43.65,111.98,43.0,scattered clouds,34,40,7.09,0.0,0.0
156,Hailar,CN,2020-04-25 00:13:41,49.2,119.7,42.15,broken clouds,47,78,13.73,0.0,0.0
157,Carnarvon,AU,2020-04-25 00:17:39,-24.87,113.63,73.2,overcast clouds,67,99,25.17,0.0,0.0
158,Seoul,KR,2020-04-25 00:15:35,37.57,126.98,59.0,clear sky,47,1,16.75,0.0,0.0
159,Oktyabrskiy,RU,2020-04-25 00:13:29,54.48,53.47,31.75,broken clouds,88,79,7.47,0.0,0.0
160,San Carlos De Bariloche,AR,2020-04-25 00:15:56,-41.15,-71.31,55.0,shower rain,71,75,2.24,0.0,0.0
161,Kapaa,US,2020-04-25 00:17:40,22.08,-159.32,80.6,broken clouds,74,75,16.11,0.0,0.0
162,Bonavista,CA,2020-04-25 00:17:40,48.65,-53.11,35.01,few clouds,77,16,8.01,0.0,0.0
163,Khatanga,RU,2020-04-25 00:16:24,71.97,102.5,33.03,light rain,98,99,2.86,0.52,0.0
164,Freeport,US,2020-04-25 00:12:41,40.66,-73.58,50.0,overcast clouds,81,90,8.05,0.0,0.0
165,Tiksi,RU,2020-04-25 00:17:41,71.69,128.87,22.71,few clouds,95,13,5.84,0.0,0.0
166,Tocopilla,CL,2020-04-25 00:16:05,-22.09,-70.2,70.74,scattered clouds,42,30,7.2,0.0,0.0
167,Lixourion,GR,2020-04-25 00:17:41,38.2,20.43,59.32,clear sky,77,1,14.2,0.0,0.0
168,Saskylakh,RU,2020-04-25 00:13:06,71.92,114.08,30.29,scattered clouds,96,49,17.22,0.0,0.0
169,Hithadhoo,MV,2020-04-25 00:17:42,-0.6,73.08,83.8,overcast clouds,76,95,18.07,0.0,0.0
170,Avera,US,2020-04-25 00:17:42,33.19,-82.53,71.6,scattered clouds,64,40,5.82,0.0,0.0
171,Obo,CF,2020-04-25 00:17:42,5.4,26.49,71.15,light rain,70,40,1.68,0.26,0.0
172,Altay,CN,2020-04-25 00:17:42,47.87,88.12,54.28,clear sky,23,0,9.15,0.0,0.0
173,Biysk,RU,2020-04-25 00:17:42,52.54,85.21,60.24,overcast clouds,31,97,4.25,0.0,0.0
174,Adrar,MR,2020-04-25 00:17:43,20.5,-10.07,81.01,broken clouds,17,60,11.3,0.0,0.0
175,Weinan,CN,2020-04-25 00:14:07,34.5,109.51,62.01,broken clouds,75,65,2.24,0.0,0.0
176,Bambanglipuro,ID,2020-04-25 00:17:43,-7.95,110.28,80.08,light rain,81,93,5.21,0.13,0.0
177,Porto Santo,PT,2020-04-25 00:17:43,33.07,-16.34,60.8,scattered clouds,67,40,10.29,0.0,0.0
178,Safford,US,2020-04-25 00:17:43,32.83,-109.71,91.4,clear sky,9,1,16.11,0.0,0.0
179,Jyvaskyla,FI,2020-04-25 00:17:44,62.24,25.72,28.0,clear sky,68,7,6.93,0.0,0.0
180,Chokurdakh,RU,2020-04-25 00:17:44,70.63,147.92,16.3,clear sky,95,7,1.57,0.0,0.0
181,Kaniama,CD,2020-04-25 00:17:44,-7.57,24.18,66.27,few clouds,69,15,2.62,0.0,0.0
182,Slave Lake,CA,2020-04-25 00:15:24,55.28,-114.77,46.4,clear sky,37,1,3.36,0.0,0.0
183,Providencia,MX,2020-04-25 00:17:44,28.72,-111.58,95.0,clear sky,18,0,8.01,0.0,0.0
184,Vardo,NO,2020-04-25 00:17:14,70.37,31.11,28.4,snow,92,75,29.97,0.0,0.0
185,Iqaluit,CA,2020-04-25 00:17:45,63.75,-68.51,32.0,light snow,89,90,12.75,0.0,0.0
186,Hobart,AU,2020-04-25 00:15:27,-42.88,147.33,62.6,broken clouds,55,75,4.7,0.0,0.0
187,Bom Jesus Da Lapa,BR,2020-04-25 00:17:45,-13.26,-43.42,73.4,scattered clouds,78,35,6.93,0.0,0.0
188,Lompoc,US,2020-04-25 00:14:11,34.64,-120.46,93.99,clear sky,35,1,13.87,0.0,0.0
189,Te Anau,NZ,2020-04-25 00:17:46,-45.42,167.72,52.72,light rain,70,80,10.33,0.36,0.0
190,Severo-Kurilsk,RU,2020-04-25 00:17:46,50.68,156.12,32.85,light snow,93,75,13.49,0.0,0.2
191,Puri,IN,2020-04-25 00:17:46,19.8,85.85,75.2,thunderstorm with light rain,94,90,13.87,0.0,0.0
192,Moorhead,US,2020-04-25 00:17:46,46.87,-96.77,66.2,clear sky,29,1,5.82,0.0,0.0
193,Alyangula,AU,2020-04-25 00:17:46,-13.85,136.42,82.4,scattered clouds,78,32,9.42,0.0,0.0
194,Esperance,AU,2020-04-25 00:17:46,-33.87,121.9,59.0,light rain,100,100,6.93,0.21,0.0
195,Ajdabiya,LY,2020-04-25 00:17:47,30.76,20.23,61.12,clear sky,72,0,8.3,0.0,0.0
196,Tanete,ID,2020-04-25 00:17:47,-3.94,119.78,79.61,light rain,84,98,4.5,0.13,0.0
197,Touros,BR,2020-04-25 00:13:25,-5.2,-35.46,78.8,scattered clouds,94,40,4.7,0.0,0.0
198,Sitka,US,2020-04-25 00:17:48,57.05,-135.33,46.4,overcast clouds,81,90,10.29,0.0,0.0
199,Konstanz,DE,2020-04-25 00:17:48,47.66,9.18,55.0,scattered clouds,81,47,3.36,0.0,0.0
200,Zulueta,ES,2020-04-25 00:17:49,42.75,-1.58,57.99,few clouds,87,20,1.12,0.0,0.0
201,Namibe,AO,2020-04-25 00:17:09,-15.2,12.15,74.55,clear sky,68,0,5.46,0.0,0.0
202,Mount Isa,AU,2020-04-25 00:17:49,-20.73,139.5,84.2,clear sky,32,0,13.87,0.0,0.0
203,Beloha,MG,2020-04-25 00:17:49,-25.17,45.05,69.04,clear sky,87,1,9.73,0.0,0.0
204,Dunedin,NZ,2020-04-25 00:17:48,-45.87,170.5,58.39,light rain,60,49,14.72,0.19,0.0
205,Timbiras,BR,2020-04-25 00:17:50,-4.26,-43.94,75.42,light rain,93,95,0.65,1.17,0.0
206,Luganville,VU,2020-04-25 00:17:50,-15.53,167.17,82.4,broken clouds,78,75,13.87,0.0,0.0
207,Vila Do Maio,CV,2020-04-25 00:17:50,15.13,-23.22,71.6,few clouds,68,20,13.87,0.0,0.0
208,Sadabad,IN,2020-04-25 00:17:50,27.45,78.05,80.22,light rain,33,39,4.47,0.53,0.0
209,Sibolga,ID,2020-04-25 00:17:50,1.74,98.78,78.33,light rain,80,99,1.52,1.32,0.0
210,Acarau,BR,2020-04-25 00:17:50,-2.89,-40.12,76.98,overcast clouds,88,98,2.68,0.0,0.0
211,Bethel,US,2020-04-25 00:17:11,41.37,-73.41,48.0,broken clouds,87,75,3.36,0.0,0.0
212,Anapskaya,RU,2020-04-25 00:17:51,44.89,37.38,33.8,clear sky,86,0,6.71,0.0,0.0
213,Tezu,IN,2020-04-25 00:17:51,27.92,96.17,65.23,light rain,73,91,1.5,0.66,0.0
214,Maridi,SS,2020-04-25 00:17:51,4.92,29.47,71.82,broken clouds,58,69,4.74,0.0,0.0
215,Pimentel,PE,2020-04-25 00:17:51,-6.84,-79.93,70.09,clear sky,78,3,11.59,0.0,0.0
216,Praia Da Vitoria,PT,2020-04-25 00:15:59,38.73,-27.07,62.6,broken clouds,77,75,13.4,0.0,0.0
217,Pisco,PE,2020-04-25 00:13:24,-13.7,-76.22,71.6,clear sky,73,0,16.11,0.0,0.0
218,Nikolskoye,RU,2020-04-25 00:17:52,59.7,30.79,34.0,scattered clouds,64,26,6.71,0.0,0.0
219,Beyneu,KZ,2020-04-25 00:17:52,45.32,55.2,48.13,broken clouds,48,65,7.94,0.0,0.0
220,Ambilobe,MG,2020-04-25 00:17:52,-13.2,49.05,75.16,broken clouds,86,65,2.86,0.0,0.0
221,Upernavik,GL,2020-04-25 00:17:53,72.79,-56.15,30.33,scattered clouds,95,47,12.44,0.0,0.0
222,Port Elizabeth,ZA,2020-04-25 00:13:34,-33.92,25.57,62.6,few clouds,88,20,9.17,0.0,0.0
223,Cherskiy,RU,2020-04-25 00:16:34,68.75,161.3,29.43,overcast clouds,97,100,3.36,0.0,0.0
224,Ahipara,NZ,2020-04-25 00:15:14,-35.17,173.17,64.76,broken clouds,66,76,9.1,0.0,0.0
225,Torbay,CA,2020-04-25 00:14:10,47.67,-52.73,37.0,few clouds,59,20,12.75,0.0,0.0
226,Urucara,BR,2020-04-25 00:17:53,-2.54,-57.76,76.64,moderate rain,95,97,2.59,4.22,0.0
227,Pevek,RU,2020-04-25 00:13:35,69.7,170.31,22.6,overcast clouds,90,96,7.81,0.0,0.0
228,Mayo,US,2020-04-25 00:17:54,38.89,-76.51,54.0,overcast clouds,81,90,5.82,0.0,0.0
229,Ponta Do Sol,PT,2020-04-25 00:17:54,32.67,-17.1,62.6,few clouds,63,20,10.29,0.0,0.0
230,Tasiilaq,GL,2020-04-25 00:17:54,65.61,-37.64,37.4,scattered clouds,94,44,5.82,0.0,0.0
231,Aldan,RU,2020-04-25 00:17:54,58.6,125.39,32.09,light snow,72,100,6.64,0.0,0.97
232,Ilo,PE,2020-04-25 00:17:54,-17.64,-71.34,67.14,scattered clouds,75,40,1.52,0.0,0.0
233,Buchanan,LR,2020-04-25 00:17:54,5.88,-10.05,78.8,few clouds,94,20,5.97,0.0,0.0
234,Poshtove,UA,2020-04-25 00:17:55,44.83,33.95,42.4,clear sky,60,0,3.2,0.0,0.0
235,Posse,BR,2020-04-25 00:17:55,-14.09,-46.37,68.32,light rain,75,94,6.85,1.33,0.0
236,Tadine,NC,2020-04-25 00:17:55,-21.55,167.88,76.1,overcast clouds,60,100,11.36,0.0,0.0
237,Paraiso,CR,2020-04-25 00:15:15,9.84,-83.87,71.6,fog,94,75,2.66,0.0,0.0
238,Mahebourg,MU,2020-04-25 00:17:55,-20.41,57.7,73.4,shower rain,100,75,9.73,0.0,0.0
239,Lusaka,ZM,2020-04-25 00:17:56,-15.41,28.29,64.4,few clouds,72,21,2.77,0.0,0.0
240,Evensk,RU,2020-04-25 00:17:56,61.95,159.23,31.96,clear sky,91,0,7.54,0.0,0.0
241,Thayetmyo,MM,2020-04-25 00:17:56,19.32,95.18,76.82,broken clouds,64,63,0.96,0.0,0.0
242,Ville-Marie,CA,2020-04-25 00:15:10,47.33,-79.43,46.4,clear sky,28,1,2.24,0.0,0.0
243,Luoyang,CN,2020-04-25 00:17:08,34.68,112.45,65.84,clear sky,22,2,8.88,0.0,0.0
244,Santa Cruz,BO,2020-04-25 00:15:02,-17.8,-63.17,80.6,few clouds,74,20,8.05,0.0,0.0
245,Dedza,MW,2020-04-25 00:17:56,-14.38,34.33,53.29,clear sky,63,0,2.17,0.0,0.0
246,Mar Del Plata,AR,2020-04-25 00:16:58,-38.0,-57.56,64.99,mist,93,75,5.82,0.0,0.0
247,De-Kastri,RU,2020-04-25 00:17:57,51.47,140.78,32.29,light snow,95,100,4.97,0.0,0.39
248,Santa Isabel,BR,2020-04-25 00:17:57,-23.32,-46.22,68.0,few clouds,88,20,4.7,0.0,0.0
249,Sobolevo,RU,2020-04-25 00:13:39,54.43,31.9,44.26,light rain,76,100,1.1,0.24,0.0
250,Paris,FR,2020-04-25 00:15:00,48.85,2.35,63.0,clear sky,48,2,6.93,0.0,0.0
251,Vigrestad,NO,2020-04-25 00:17:58,58.57,5.7,41.0,clear sky,86,6,2.24,0.0,0.0
252,Sao Filipe,CV,2020-04-25 00:17:58,14.9,-24.5,71.1,broken clouds,76,74,16.93,0.0,0.0
253,Lahij,YE,2020-04-25 00:17:58,13.17,44.58,78.93,few clouds,56,18,5.32,0.0,0.0
254,Montreal,CA,2020-04-25 00:16:13,45.51,-73.59,50.0,overcast clouds,15,90,3.36,0.0,0.0
255,Linxi,CN,2020-04-25 00:17:58,39.7,118.43,54.73,broken clouds,38,63,15.41,0.0,0.0
256,Shenjiamen,CN,2020-04-25 00:17:59,29.96,122.3,59.9,broken clouds,68,80,15.35,0.0,0.0
257,Dire,ML,2020-04-25 00:17:59,12.28,-10.97,88.86,broken clouds,30,81,1.66,0.0,0.0
258,Wasilla,US,2020-04-25 00:15:57,61.58,-149.44,52.0,overcast clouds,69,90,6.93,0.0,0.0
259,Yablonovo,RU,2020-04-25 00:17:59,50.85,37.36,51.8,overcast clouds,40,96,6.71,0.0,0.0
260,Along,IN,2020-04-25 00:17:59,28.17,94.77,61.79,light rain,69,93,3.04,0.65,0.0
261,Terrace,CA,2020-04-25 00:18:00,54.52,-128.6,55.4,broken clouds,47,75,10.29,0.0,0.0
262,Hurghada,EG,2020-04-25 00:15:13,27.26,33.81,75.2,sand,60,0,18.34,0.0,0.0
263,Bowmore,US,2020-04-25 00:18:00,34.94,-79.3,75.0,overcast clouds,56,90,4.7,0.0,0.0
264,Santa Fe,AR,2020-04-25 00:18:00,-31.63,-60.7,80.01,scattered clouds,61,33,4.0,0.0,0.0
265,Port Keats,AU,2020-04-25 00:18:00,-14.25,129.55,83.71,clear sky,59,4,6.38,0.0,0.0
266,Lalibela,ET,2020-04-25 00:18:00,12.03,39.03,60.91,light rain,36,84,1.83,0.37,0.0
267,Ilulissat,GL,2020-04-25 00:13:04,69.22,-51.1,46.4,clear sky,42,0,17.22,0.0,0.0
268,Lethem,GY,2020-04-25 00:18:01,3.38,-59.8,86.47,overcast clouds,47,92,9.98,0.0,0.0
269,Zhezkazgan,KZ,2020-04-25 00:18:01,47.8,67.71,44.49,overcast clouds,59,100,6.64,0.0,0.0
270,Morondava,MG,2020-04-25 00:18:01,-20.28,44.28,75.7,clear sky,81,0,3.6,0.0,0.0
271,Darnah,LY,2020-04-25 00:16:49,32.77,22.64,60.89,clear sky,76,1,15.32,0.0,0.0
272,Viedma,AR,2020-04-25 00:18:01,-40.81,-63.0,58.96,few clouds,57,24,6.26,0.0,0.0
273,Gemena,CD,2020-04-25 00:18:02,3.25,19.77,75.7,clear sky,64,3,2.08,0.0,0.0
274,Bako,ET,2020-04-25 00:18:02,5.78,36.57,60.82,broken clouds,60,72,2.68,0.0,0.0
275,Utena,LT,2020-04-25 00:18:02,55.5,25.6,42.71,overcast clouds,81,97,8.46,0.0,0.0
276,Tonj,SS,2020-04-25 00:18:02,7.27,28.68,84.06,scattered clouds,38,35,5.79,0.0,0.0
277,Portsmouth,GB,2020-04-25 00:17:31,50.8,-1.09,52.0,clear sky,77,10,6.69,0.0,0.0
278,San Quintin,MX,2020-04-25 00:18:03,30.48,-115.95,71.85,clear sky,55,0,5.88,0.0,0.0
279,Ugoofaaru,MV,2020-04-25 00:18:03,5.67,73.0,83.89,broken clouds,75,83,11.39,0.0,0.0
280,Lillesand,NO,2020-04-25 00:16:12,58.25,8.38,44.01,few clouds,93,11,4.7,0.0,0.0
281,Key West,US,2020-04-25 00:15:13,24.56,-81.78,84.2,clear sky,83,1,10.29,0.0,0.0
282,Yidu,CN,2020-04-25 00:18:04,24.16,115.13,61.47,overcast clouds,67,100,1.52,0.0,0.0
283,La Paz,BO,2020-04-25 00:18:04,-16.5,-68.15,51.8,scattered clouds,50,40,4.7,0.0,0.0
284,Krugersdorp,ZA,2020-04-25 00:18:04,-26.09,27.78,55.4,few clouds,76,22,2.39,0.0,0.0
285,Lorengau,PG,2020-04-25 00:15:50,-2.02,147.27,85.21,clear sky,68,3,2.95,0.0,0.0
286,Ketchikan,US,2020-04-25 00:18:05,55.34,-131.65,48.2,light rain,93,90,16.11,0.0,0.0
287,Faya,SA,2020-04-25 00:18:05,18.39,42.45,66.2,few clouds,59,16,3.56,0.0,0.0
288,Atlantic City,US,2020-04-25 00:18:05,39.36,-74.42,50.0,mist,87,90,5.82,0.0,0.0
289,Indapur,IN,2020-04-25 00:18:05,18.3,73.25,75.51,clear sky,84,1,1.23,0.0,0.0
290,Dwarka,IN,2020-04-25 00:18:05,22.24,68.97,81.09,clear sky,82,0,12.37,0.0,0.0
291,Winfield,US,2020-04-25 00:18:05,37.24,-97.0,63.0,overcast clouds,77,90,20.8,0.0,0.0
292,Asau,RO,2020-04-25 00:18:06,46.43,26.4,48.0,broken clouds,46,56,5.75,0.0,0.0
293,Jinsha,CN,2020-04-25 00:18:06,32.09,121.07,68.0,few clouds,51,21,1.01,0.0,0.0
294,Cacoal,BR,2020-04-25 00:18:06,-11.44,-61.45,75.6,light rain,88,77,2.73,1.53,0.0
295,Staryy Nadym,RU,2020-04-25 00:18:06,65.61,72.68,25.0,light snow,97,57,10.71,0.0,0.25
296,Eyl,SO,2020-04-25 00:18:06,7.98,49.82,83.53,light rain,74,100,7.87,0.36,0.0
297,Turkistan,KZ,2020-04-25 00:18:07,43.0,68.0,58.68,overcast clouds,50,100,8.12,0.0,0.0
298,Camacari,BR,2020-04-25 00:18:07,-12.7,-38.32,80.6,broken clouds,74,75,16.11,0.0,0.0
299,Bow Island,CA,2020-04-25 00:18:07,49.87,-111.37,59.0,broken clouds,26,75,8.05,0.0,0.0
300,San Patricio,MX,2020-04-25 00:15:36,19.22,-104.7,80.6,scattered clouds,83,40,9.17,0.0,0.0
301,San Ramon,US,2020-04-25 00:16:55,37.78,-121.98,89.01,clear sky,30,1,9.17,0.0,0.0
302,Pontianak,ID,2020-04-25 00:18:08,-0.03,109.33,78.12,light rain,90,100,5.19,1.68,0.0
303,Katsuura,JP,2020-04-25 00:13:37,35.13,140.3,57.99,few clouds,62,20,6.93,0.0,0.0
304,Januaria,BR,2020-04-25 00:18:08,-15.48,-44.37,70.3,clear sky,73,1,5.61,0.0,0.0
305,Bathsheba,BB,2020-04-25 00:18:08,13.22,-59.52,79.79,light rain,75,4,20.38,0.15,0.0
306,Constitucion,CL,2020-04-25 00:16:32,-35.33,-72.42,57.92,light rain,90,71,11.27,0.19,0.0
307,Dharchula,IN,2020-04-25 00:18:08,29.85,80.53,55.35,scattered clouds,26,35,7.0,0.0,0.0
308,Gisborne,NZ,2020-04-25 00:18:09,-38.65,178.0,63.0,overcast clouds,68,100,4.0,0.0,0.0
309,Acapulco,MX,2020-04-25 00:18:09,16.86,-99.89,78.8,scattered clouds,83,40,8.05,0.0,0.0
310,Ginir,ET,2020-04-25 00:18:09,7.13,40.7,58.15,overcast clouds,49,100,6.64,0.0,0.0
311,Peleduy,RU,2020-04-25 00:18:10,59.63,112.74,38.16,scattered clouds,71,44,1.77,0.0,0.0
312,Darien,US,2020-04-25 00:17:49,41.75,-87.97,48.0,overcast clouds,75,90,11.41,0.0,0.0
313,Quatre Cocos,MU,2020-04-25 00:17:15,-20.21,57.76,75.99,shower rain,100,75,9.86,0.0,0.0
314,Kibala,TD,2020-04-25 00:18:10,9.11,18.35,86.0,few clouds,42,17,3.02,0.0,0.0
315,Calbuco,CL,2020-04-25 00:18:10,-41.77,-73.13,57.2,overcast clouds,87,90,18.34,0.0,0.0
316,Yarmouth,US,2020-04-25 00:18:10,41.71,-70.23,43.0,overcast clouds,87,90,9.17,0.0,0.0
317,Klaksvik,FO,2020-04-25 00:18:11,62.23,-6.59,42.8,overcast clouds,87,90,6.93,0.0,0.0
318,Cayenne,GF,2020-04-25 00:15:08,4.93,-52.33,75.2,light rain,94,87,8.5,0.32,0.0
319,Manono,CD,2020-04-25 00:16:37,-7.3,27.42,68.45,light rain,76,39,1.92,0.17,0.0
320,Kahului,US,2020-04-25 00:18:12,20.89,-156.47,84.2,scattered clouds,48,40,18.34,0.0,0.0
321,Bengkulu,ID,2020-04-25 00:16:07,-3.8,102.27,77.72,light rain,82,88,4.21,0.72,0.0
322,Ust-Omchug,RU,2020-04-25 00:18:12,61.15,149.63,25.2,broken clouds,87,78,7.25,0.0,0.0
323,Poco Verde,BR,2020-04-25 00:18:12,-10.71,-38.18,71.87,light rain,89,40,5.93,0.25,0.0
324,Luorong,CN,2020-04-25 00:18:12,24.41,109.61,59.41,overcast clouds,77,100,0.4,0.0,0.0
325,Kortkeros,RU,2020-04-25 00:18:12,61.81,51.58,21.2,broken clouds,79,66,4.47,0.0,0.0
326,Kharitonovo,RU,2020-04-25 00:18:13,61.4,47.5,25.56,broken clouds,92,72,5.48,0.0,0.0
327,Chapais,CA,2020-04-25 00:18:13,49.78,-74.85,32.0,clear sky,93,1,4.7,0.0,0.0
328,Rosetown,CA,2020-04-25 00:18:13,51.55,-108.0,55.99,light rain,53,100,11.99,0.58,0.0
329,Mehamn,NO,2020-04-25 00:18:13,71.04,27.85,29.35,snow,97,100,36.69,0.0,2.28
330,Seddon,AU,2020-04-25 00:18:13,-37.81,144.89,64.99,overcast clouds,77,95,11.41,0.0,0.0
331,Kavaratti,IN,2020-04-25 00:18:14,10.57,72.64,85.03,overcast clouds,65,100,5.64,0.0,0.0
332,Trelew,AR,2020-04-25 00:18:04,-43.25,-65.31,56.34,clear sky,70,9,12.5,0.0,0.0
333,Budesti,RO,2020-04-25 00:18:15,44.23,26.47,51.01,clear sky,53,0,3.36,0.0,0.0
334,Airai,TL,2020-04-25 00:18:16,-8.93,125.41,66.54,broken clouds,61,73,5.06,0.0,0.0
335,Nishihara,JP,2020-04-25 00:18:16,26.18,127.76,68.0,broken clouds,63,75,5.82,0.0,0.0
336,Bahia Blanca,AR,2020-04-25 00:18:16,-38.72,-62.27,63.91,overcast clouds,46,100,7.0,0.0,0.0
337,Mombetsu,JP,2020-04-25 00:18:16,44.35,143.35,41.95,broken clouds,66,51,4.68,0.0,0.0
338,Puerto Madryn,AR,2020-04-25 00:18:16,-42.77,-65.04,58.39,clear sky,55,8,5.03,0.0,0.0
339,Ndioum,SN,2020-04-25 00:18:17,16.51,-14.65,75.2,scattered clouds,57,44,4.7,0.0,0.0
340,Tornio,FI,2020-04-25 00:18:17,65.85,24.15,30.2,clear sky,63,0,5.82,0.0,0.0
341,Lunca De Jos,RO,2020-04-25 00:18:17,46.57,25.98,48.0,broken clouds,46,58,3.42,0.0,0.0
342,Ternate,ID,2020-04-25 00:18:17,0.8,127.4,84.31,overcast clouds,71,94,1.01,0.0,0.0
343,Padang,ID,2020-04-25 00:18:17,-0.95,100.35,78.94,light rain,78,100,3.47,2.36,0.0
344,San Marcos,US,2020-04-25 00:18:17,33.14,-117.17,88.0,clear sky,50,1,5.82,0.0,0.0
345,Abha,SA,2020-04-25 00:18:20,18.22,42.51,64.4,few clouds,63,14,3.42,0.0,0.0
346,Merced,US,2020-04-25 00:15:21,37.17,-120.75,89.6,clear sky,22,1,9.17,0.0,0.0
347,Mirabad,AF,2020-04-25 00:18:20,30.44,61.84,75.88,clear sky,41,0,11.36,0.0,0.0
348,Huarmey,PE,2020-04-25 00:18:20,-10.07,-78.15,71.42,scattered clouds,72,39,6.46,0.0,0.0
349,Husavik,IS,2020-04-25 00:18:21,66.04,-17.34,39.2,overcast clouds,86,90,14.99,0.0,0.0
350,Mucuri,BR,2020-04-25 00:18:21,-18.09,-39.55,75.18,clear sky,77,0,16.8,0.0,0.0
351,Coquimbo,CL,2020-04-25 00:18:21,-29.95,-71.34,62.6,overcast clouds,67,90,4.7,0.0,0.0
352,Russell,US,2020-04-25 00:18:21,32.35,-85.2,75.2,clear sky,77,1,3.65,0.0,0.0
353,Piacabucu,BR,2020-04-25 00:18:21,-10.41,-36.43,78.21,light rain,85,88,7.05,0.54,0.0
354,Bundaberg,AU,2020-04-25 00:18:22,-24.85,152.35,75.2,clear sky,64,0,8.05,0.0,0.0
355,Miramar,US,2020-04-25 00:17:03,25.99,-80.23,80.6,light rain,73,75,8.05,0.0,0.0
356,Pilar,BR,2020-04-25 00:18:23,-9.6,-35.96,77.0,few clouds,88,20,4.61,0.0,0.0
357,Casa Nova,BR,2020-04-25 00:18:23,-9.42,-41.13,76.96,few clouds,67,20,18.63,0.0,0.0
358,Oranjestad,AW,2020-04-25 00:14:17,12.52,-70.03,82.4,few clouds,74,20,25.28,0.0,0.0
359,Akyab,MM,2020-04-25 00:18:24,20.15,92.9,78.49,light rain,80,60,4.05,1.15,0.0
360,Gornozavodsk,RU,2020-04-25 00:18:24,58.38,58.32,21.45,broken clouds,94,83,5.97,0.0,0.0
361,Vostok,RU,2020-04-25 00:18:24,46.49,135.88,35.53,light rain,69,100,2.59,0.48,0.0
362,Gold Coast,AU,2020-04-25 00:18:24,-28.0,153.43,80.01,clear sky,60,0,9.17,0.0,0.0
363,Sinnamary,GF,2020-04-25 00:18:24,5.38,-52.95,78.6,light rain,82,94,12.24,0.18,0.0
364,Nioro,GM,2020-04-25 00:18:25,13.35,-15.75,78.3,overcast clouds,35,86,7.72,0.0,0.0
365,Clarence Town,AU,2020-04-25 00:18:25,-32.58,151.78,71.01,clear sky,56,0,11.41,0.0,0.0
366,Hofn,IS,2020-04-25 00:18:25,64.25,-15.21,42.15,light rain,83,100,17.94,0.89,0.0
367,Luderitz,NA,2020-04-25 00:18:26,-26.65,15.16,62.6,clear sky,88,0,2.24,0.0,0.0
368,Ahuimanu,US,2020-04-25 00:18:26,21.44,-157.84,82.4,broken clouds,69,75,14.99,0.0,0.0
369,Magaria,NE,2020-04-25 00:18:26,13.0,8.91,79.16,clear sky,14,1,3.53,0.0,0.0
370,Lagoa,PT,2020-04-25 00:18:26,39.05,-27.98,61.74,light rain,89,100,14.85,2.38,0.0
371,Warwick,US,2020-04-25 00:16:26,41.7,-71.42,44.6,overcast clouds,75,90,14.99,0.0,0.0
372,Abalak,RU,2020-04-25 00:18:26,58.13,68.59,30.94,light snow,97,70,5.19,0.0,0.84
373,Puerto Escondido,MX,2020-04-25 00:14:19,15.85,-97.07,86.0,scattered clouds,84,40,6.93,0.0,0.0
374,Naze,JP,2020-04-25 00:13:31,28.37,129.48,64.4,scattered clouds,67,40,2.24,0.0,0.0
375,Ko Samui,TH,2020-04-25 00:14:42,9.54,99.94,82.4,thunderstorm with light rain,88,20,11.23,0.0,0.0
376,Klyuchi,RU,2020-04-25 00:18:27,52.27,79.17,49.5,light rain,74,100,13.6,0.26,0.0
377,Willmar,US,2020-04-25 00:18:27,45.12,-95.04,60.8,clear sky,55,1,6.93,0.0,0.0
378,Chumikan,RU,2020-04-25 00:18:28,54.72,135.31,33.12,light snow,94,100,1.54,0.0,1.14
379,Ranfurly,NZ,2020-04-25 00:18:28,-45.13,170.1,64.0,scattered clouds,61,32,10.38,0.0,0.0
380,Cianorte,BR,2020-04-25 00:18:28,-23.66,-52.6,65.66,clear sky,73,0,5.32,0.0,0.0
381,Netrakona,BD,2020-04-25 00:18:29,24.88,90.72,69.91,clear sky,89,5,9.17,0.0,0.0
382,Hailey,US,2020-04-25 00:18:29,43.52,-114.32,57.2,clear sky,30,5,12.75,0.0,0.0
383,College,US,2020-04-25 00:18:30,64.86,-147.8,37.99,clear sky,37,1,12.75,0.0,0.0
384,Koroni,GR,2020-04-25 00:18:30,36.8,21.95,55.99,clear sky,76,0,5.82,0.0,0.0
385,Baracoa,CU,2020-04-25 00:18:30,20.35,-74.5,82.76,few clouds,74,23,6.26,0.0,0.0
386,Ilesha,NG,2020-04-25 00:18:31,7.14,5.26,74.84,broken clouds,90,55,4.0,0.0,0.0
387,Tagusao,PH,2020-04-25 00:18:31,9.19,117.81,84.81,scattered clouds,68,48,7.47,0.0,0.0
388,Tuatapere,NZ,2020-04-25 00:13:37,-46.13,167.68,52.0,light rain,90,59,15.99,0.8,0.0
389,Havoysund,NO,2020-04-25 00:18:32,71.0,24.66,32.0,light snow,97,90,55.25,0.0,0.0
390,Noumea,NC,2020-04-25 00:18:32,-22.28,166.46,79.0,overcast clouds,54,99,11.41,0.0,0.0
391,Santarem,BR,2020-04-25 00:18:32,-2.44,-54.71,78.8,scattered clouds,94,40,1.12,0.0,0.0
392,Male,MV,2020-04-25 00:18:32,4.17,73.51,84.2,broken clouds,74,75,8.05,0.0,0.0
393,Wewak,PG,2020-04-25 00:18:32,-3.55,143.63,84.74,few clouds,70,24,2.89,0.0,0.0
394,Talladega,US,2020-04-25 00:18:32,33.44,-86.11,69.8,clear sky,88,1,4.09,0.0,0.0
395,Shreveport,US,2020-04-25 00:14:53,32.53,-93.75,81.0,few clouds,51,20,6.93,0.0,0.0
396,Kudahuvadhoo,MV,2020-04-25 00:18:33,2.67,72.89,83.55,overcast clouds,76,98,12.46,0.0,0.0
397,Comodoro Rivadavia,AR,2020-04-25 00:15:01,-45.87,-67.5,48.2,drizzle,87,75,5.82,0.0,0.0
398,Muroto,JP,2020-04-25 00:18:33,33.28,134.15,51.8,clear sky,42,0,6.93,0.0,0.0
399,Hermiston,US,2020-04-25 00:18:33,45.84,-119.29,71.6,few clouds,35,20,8.05,0.0,0.0
400,Remontnoye,RU,2020-04-25 00:18:33,46.56,43.65,44.6,scattered clouds,56,28,15.66,0.0,0.0
401,Alofi,NU,2020-04-25 00:15:08,-19.06,-169.92,86.0,light rain,74,28,10.29,0.21,0.0
402,Bakaly,RU,2020-04-25 00:18:34,55.18,53.8,31.06,scattered clouds,90,45,8.16,0.0,0.0
403,Mizan Teferi,ET,2020-04-25 00:18:34,6.98,35.58,64.22,overcast clouds,53,97,2.42,0.0,0.0
404,Singaraja,ID,2020-04-25 00:14:23,-8.11,115.09,83.39,light rain,70,100,4.29,0.21,0.0
405,Necochea,AR,2020-04-25 00:14:06,-38.55,-58.74,61.0,overcast clouds,97,100,7.0,0.0,0.0
406,Challapalle,IN,2020-04-25 00:18:34,16.12,80.93,81.91,scattered clouds,85,48,7.11,0.0,0.0
407,Bitung,ID,2020-04-25 00:18:34,1.45,125.18,80.6,few clouds,83,20,2.24,0.0,0.0
408,Bubaque,GW,2020-04-25 00:18:34,11.28,-15.83,77.05,overcast clouds,73,100,15.95,0.0,0.0
409,Fortuna,US,2020-04-25 00:14:41,40.6,-124.16,64.99,clear sky,77,1,11.41,0.0,0.0
410,Luancheng,CN,2020-04-25 00:18:35,37.88,114.65,59.0,clear sky,33,2,4.47,0.0,0.0
411,Manggar,ID,2020-04-25 00:18:35,-2.88,108.27,81.97,light rain,76,100,3.02,0.54,0.0
412,Trairi,BR,2020-04-25 00:18:35,-3.28,-39.27,79.09,light rain,82,79,4.59,0.5,0.0
413,Kalmunai,LK,2020-04-25 00:18:35,7.42,81.82,81.77,light rain,77,68,4.92,0.24,0.0
414,Coihaique,CL,2020-04-25 00:16:32,-45.58,-72.07,51.8,broken clouds,87,75,2.24,0.0,0.0
415,Saint-Andre-Les-Vergers,FR,2020-04-25 00:18:36,48.29,4.05,50.0,clear sky,81,5,5.82,0.0,0.0
416,Ust-Ilimsk,RU,2020-04-25 00:18:36,58.0,102.66,55.51,overcast clouds,68,99,7.76,0.0,0.0
417,Yar-Sale,RU,2020-04-25 00:18:36,66.83,70.83,18.77,scattered clouds,93,40,6.93,0.0,0.0
418,Kruisfontein,ZA,2020-04-25 00:18:36,-34.0,24.73,58.57,overcast clouds,83,96,7.47,0.0,0.0
419,Miraflores,MX,2020-04-25 00:18:37,19.22,-98.81,73.4,overcast clouds,33,90,16.11,0.0,0.0
420,Najran,SA,2020-04-25 00:18:37,17.49,44.13,78.8,overcast clouds,47,91,9.17,0.0,0.0
421,Port Augusta,AU,2020-04-25 00:18:37,-32.5,137.77,70.0,broken clouds,82,78,4.7,0.0,0.0
422,La Asuncion,VE,2020-04-25 00:18:37,11.03,-63.86,91.4,few clouds,55,13,25.28,0.0,0.0
423,Lata,PT,2020-04-25 00:18:37,40.16,-8.33,57.99,overcast clouds,90,98,3.09,0.0,0.0
424,Gornopravdinsk,RU,2020-04-25 00:18:38,60.05,69.9,31.48,broken clouds,93,75,7.05,0.0,0.0
425,Warri,NG,2020-04-25 00:18:38,5.52,5.75,79.41,overcast clouds,89,86,4.56,0.0,0.0
426,Khorixas,NA,2020-04-25 00:18:38,-20.37,14.97,64.56,clear sky,46,0,1.99,0.0,0.0
427,Aswan,EG,2020-04-25 00:18:38,24.09,32.91,75.65,clear sky,20,0,8.72,0.0,0.0
428,Acajutla,SV,2020-04-25 00:18:38,13.59,-89.83,87.8,haze,45,40,2.24,0.0,0.0
429,Jingdezhen,CN,2020-04-25 00:18:39,29.29,117.21,62.38,overcast clouds,63,94,2.17,0.0,0.0
430,Corowa,AU,2020-04-25 00:18:39,-36.03,146.38,59.0,few clouds,97,17,7.83,0.0,0.0
431,Hit,IQ,2020-04-25 00:17:05,33.64,42.83,75.18,broken clouds,31,68,12.48,0.0,0.0
432,Barcelos,PT,2020-04-25 00:18:39,41.54,-8.62,57.99,broken clouds,93,75,4.7,0.0,0.0
433,Road Town,VG,2020-04-25 00:18:39,18.42,-64.62,80.6,clear sky,65,1,14.99,0.0,0.0
434,Lago Da Pedra,BR,2020-04-25 00:18:39,-4.33,-45.17,75.43,light rain,90,80,1.77,0.64,0.0
435,Springbok,ZA,2020-04-25 00:18:40,-29.66,17.89,61.81,few clouds,51,14,4.81,0.0,0.0
436,Malayal,PH,2020-04-25 00:18:40,7.21,121.94,78.8,overcast clouds,94,90,3.36,0.0,0.0
437,Kupang,ID,2020-04-25 00:18:40,-10.17,123.58,82.89,broken clouds,72,79,15.01,0.0,0.0
438,Minas,UY,2020-04-25 00:17:26,-34.38,-55.24,70.0,thunderstorm,82,75,4.7,0.0,0.0
439,Grindavik,IS,2020-04-25 00:18:41,63.84,-22.43,41.0,broken clouds,86,75,9.17,0.0,0.0
440,Navirai,BR,2020-04-25 00:18:41,-23.07,-54.19,68.67,clear sky,67,0,5.95,0.0,0.0
441,Pitimbu,BR,2020-04-25 00:18:41,-7.47,-34.81,77.0,light rain,94,75,6.93,0.0,0.0
442,Yulara,AU,2020-04-25 00:18:41,-25.24,130.99,75.2,clear sky,31,0,5.82,0.0,0.0
443,Verkhoyansk,RU,2020-04-25 00:18:41,67.54,133.38,30.78,overcast clouds,91,99,3.65,0.0,0.0
444,Kingsville,US,2020-04-25 00:18:41,27.52,-97.86,95.0,clear sky,55,1,11.41,0.0,0.0
445,Fagersta,SE,2020-04-25 00:18:42,60.0,15.79,44.01,broken clouds,45,64,4.9,0.0,0.0
446,Bukachacha,RU,2020-04-25 00:18:42,52.98,116.92,43.92,clear sky,43,0,4.07,0.0,0.0
447,Byron Bay,AU,2020-04-25 00:18:42,-28.65,153.62,73.99,clear sky,73,0,6.93,0.0,0.0
448,Maarianhamina,AX,2020-04-25 00:18:42,60.1,19.93,37.4,clear sky,86,0,4.7,0.0,0.0
449,Khandbari,NP,2020-04-25 00:18:42,27.37,87.2,61.47,scattered clouds,39,40,2.28,0.0,0.0
450,Iskateley,RU,2020-04-25 00:18:42,67.68,53.15,22.98,broken clouds,96,58,19.55,0.0,0.0
451,Sumenep,ID,2020-04-25 00:18:43,-7.02,113.87,82.49,light rain,76,100,4.14,2.85,0.0
452,Codrington,AU,2020-04-25 00:18:43,-38.27,141.97,60.31,overcast clouds,74,97,16.02,0.0,0.0
453,Talas,TR,2020-04-25 00:18:43,38.69,35.55,39.2,overcast clouds,39,100,4.7,0.0,0.0
454,Narsaq,GL,2020-04-25 00:18:43,60.92,-46.05,50.0,overcast clouds,31,100,23.04,0.0,0.0
455,Talnakh,RU,2020-04-25 00:18:43,69.49,88.4,28.4,scattered clouds,92,40,8.95,0.0,0.0
456,Villafranca De Los Barros,ES,2020-04-25 00:18:44,38.56,-6.34,62.01,light rain,79,96,4.0,1.51,0.0
457,Faanui,PF,2020-04-25 00:18:44,-16.48,-151.75,81.36,light rain,77,31,12.46,0.46,0.0
458,Banepa,NP,2020-04-25 00:15:20,27.63,85.52,59.0,mist,93,75,2.24,0.0,0.0
459,Venice,US,2020-04-25 00:18:44,27.1,-82.45,69.8,light intensity drizzle,100,90,12.75,0.0,0.0
460,Taltal,CL,2020-04-25 00:18:44,-25.4,-70.48,62.15,clear sky,70,7,3.62,0.0,0.0
461,Yakima,US,2020-04-25 00:18:10,46.47,-120.67,68.0,broken clouds,34,75,6.67,0.0,0.0
462,Phalodi,IN,2020-04-25 00:18:45,27.13,72.37,81.61,clear sky,38,9,6.42,0.0,0.0
463,Vallenar,CL,2020-04-25 00:18:45,-28.57,-70.76,60.19,clear sky,45,9,1.28,0.0,0.0
464,Pochutla,MX,2020-04-25 00:18:45,15.74,-96.47,89.6,clear sky,46,5,11.41,0.0,0.0
465,Paamiut,GL,2020-04-25 00:18:45,61.99,-49.67,34.88,overcast clouds,88,90,3.24,0.0,0.0
466,Auray,FR,2020-04-25 00:18:45,47.67,-2.99,55.0,mist,93,75,5.82,0.0,0.0
467,Jalu,LY,2020-04-25 00:18:46,29.03,21.55,63.79,clear sky,53,0,10.33,0.0,0.0
468,Nemuro,JP,2020-04-25 00:18:46,43.32,145.57,48.2,few clouds,42,20,8.05,0.0,0.0
469,Farakka,IN,2020-04-25 00:18:46,24.82,87.9,71.83,scattered clouds,83,28,6.49,0.0,0.0
470,Karpathos,GR,2020-04-25 00:18:46,35.51,27.21,58.95,clear sky,68,3,23.11,0.0,0.0
471,Raton,US,2020-04-25 00:18:46,36.9,-104.44,62.6,clear sky,21,1,17.22,0.0,0.0
472,Nome,US,2020-04-25 00:18:46,64.5,-165.41,39.2,clear sky,55,1,5.82,0.0,0.0
473,Kieta,PG,2020-04-25 00:18:47,-6.22,155.63,86.36,broken clouds,63,57,4.61,0.0,0.0
474,Goba,ET,2020-04-25 00:16:07,7.02,39.98,52.21,overcast clouds,40,100,4.12,0.0,0.0
475,Jacareacanga,BR,2020-04-25 00:18:47,-6.22,-57.75,75.94,overcast clouds,92,98,0.87,0.0,0.0
476,Haines Junction,CA,2020-04-25 00:18:47,60.75,-137.51,37.51,light snow,61,100,6.17,0.0,0.12
477,Zilupe,LV,2020-04-25 00:18:47,56.39,28.12,39.97,light rain,79,100,3.67,0.31,0.0
478,Zwedru,LR,2020-04-25 00:18:48,6.07,-8.13,73.96,light rain,91,98,3.96,0.4,0.0
479,Watsa,CD,2020-04-25 00:18:48,3.04,29.54,64.87,overcast clouds,70,91,2.64,0.0,0.0
480,Semey,KZ,2020-04-25 00:18:49,50.41,80.23,51.8,overcast clouds,71,100,17.9,0.0,0.0
481,Port Moresby,PG,2020-04-25 00:18:49,-9.44,147.18,84.2,scattered clouds,79,40,13.87,0.0,0.0
482,Killybegs,IE,2020-04-25 00:18:50,54.63,-8.45,48.99,overcast clouds,93,96,1.99,0.0,0.0
483,Bismil,TR,2020-04-25 00:18:50,37.85,40.67,53.6,light intensity shower rain,100,75,10.29,0.0,0.0
484,Valparaiso,CL,2020-04-25 00:14:35,-33.04,-71.63,62.6,broken clouds,77,75,8.05,0.0,0.0
485,Bilma,NE,2020-04-25 00:18:51,18.69,12.92,87.58,clear sky,11,0,8.16,0.0,0.0
486,Charlestown,AU,2020-04-25 00:15:58,-32.95,151.67,75.0,clear sky,56,0,11.41,0.0,0.0
487,Shebunino,RU,2020-04-25 00:18:52,46.43,141.86,42.8,scattered clouds,65,39,10.98,0.0,0.0
488,Shizilu,CN,2020-04-25 00:18:52,35.17,118.83,59.52,clear sky,36,0,10.47,0.0,0.0
489,Kultuk,RU,2020-04-25 00:18:52,51.72,103.7,58.3,broken clouds,47,81,3.6,0.0,0.0
490,Anshun,CN,2020-04-25 00:18:52,26.25,105.93,49.64,overcast clouds,49,91,1.83,0.0,0.0
491,Saint George,US,2020-04-25 00:16:50,37.1,-113.58,79.0,clear sky,14,1,5.82,0.0,0.0
492,Nador,MA,2020-04-25 00:18:53,35.17,-2.93,60.8,light rain,93,75,3.76,0.0,0.0
493,Menongue,AO,2020-04-25 00:18:53,-14.66,17.69,56.1,clear sky,46,0,2.91,0.0,0.0
494,Cabo San Lucas,MX,2020-04-25 00:14:17,22.89,-109.91,87.8,clear sky,19,5,11.41,0.0,0.0
495,Bulgan,MN,2020-04-25 00:18:54,48.81,103.53,52.09,broken clouds,26,57,2.39,0.0,0.0
496,Makarska,HR,2020-04-25 00:18:54,43.3,17.02,53.6,broken clouds,62,52,3.36,0.0,0.0
497,Narrabri,AU,2020-04-25 00:18:54,-30.32,149.78,71.01,clear sky,55,0,4.7,0.0,0.0
498,Trapani,IT,2020-04-25 00:18:54,37.83,12.67,54.0,clear sky,93,0,4.7,0.0,0.0
499,Pinan,SE,2020-04-25 00:18:54,58.68,11.65,42.8,clear sky,67,0,9.17,0.0,0.0
500,Zakharovo,RU,2020-04-25 00:18:54,54.37,39.28,39.99,light rain,75,94,6.82,0.77,0.0
501,Atar,MR,2020-04-25 00:18:55,20.52,-13.05,70.88,few clouds,21,13,6.85,0.0,0.0
502,Alice Springs,AU,2020-04-25 00:15:42,-23.7,133.88,77.0,clear sky,29,0,9.17,0.0,0.0
503,Jertih,MY,2020-04-25 00:18:55,5.73,102.49,78.8,scattered clouds,94,40,3.36,0.0,0.0
504,Sao Joao Da Barra,BR,2020-04-25 00:18:55,-21.64,-41.05,71.74,clear sky,73,0,6.11,0.0,0.0
505,Khani,GE,2020-04-25 00:18:55,41.96,42.96,51.8,overcast clouds,50,99,27.51,0.0,0.0
506,Salalah,OM,2020-04-25 00:18:55,17.02,54.09,82.4,scattered clouds,83,40,4.7,0.0,0.0
507,Timiryazevskiy,RU,2020-04-25 00:18:56,56.49,84.88,48.0,overcast clouds,87,96,4.47,0.0,0.0
508,Port Hedland,AU,2020-04-25 00:18:56,-20.32,118.57,84.2,clear sky,70,7,6.93,0.0,0.0
509,Inirida,CO,2020-04-25 00:18:56,3.87,-67.92,77.2,light rain,87,16,1.12,0.46,0.0
510,Chatham,GB,2020-04-25 00:18:56,51.38,0.53,46.99,broken clouds,93,75,8.05,0.0,0.0
511,Tatawin,TN,2020-04-25 00:18:57,32.93,10.45,62.6,clear sky,55,2,2.24,0.0,0.0
512,Bousso,TD,2020-04-25 00:18:57,10.48,16.71,87.66,few clouds,33,18,0.98,0.0,0.0
513,Sosnovo-Ozerskoye,RU,2020-04-25 00:18:57,52.52,111.54,39.38,clear sky,41,0,6.78,0.0,0.0
514,Lakselv,NO,2020-04-25 00:18:57,70.05,24.97,32.0,heavy snow,95,100,56.37,0.0,0.0
515,Paulo Ramos,BR,2020-04-25 00:18:57,-4.22,-45.18,75.96,light rain,89,86,1.81,0.46,0.0
516,Rorvik,NO,2020-04-25 00:16:32,64.86,11.24,40.86,broken clouds,82,56,10.83,0.0,0.0
517,Verona,IT,2020-04-25 00:18:58,45.42,11.03,59.0,broken clouds,66,77,1.12,0.0,0.0
518,Baguinge,PH,2020-04-25 00:18:58,16.78,121.11,75.43,overcast clouds,67,96,2.51,0.0,0.0
519,Makakilo City,US,2020-04-25 00:14:43,21.35,-158.09,82.4,overcast clouds,94,90,5.82,0.0,0.0
520,Batagay,RU,2020-04-25 00:18:58,67.63,134.63,30.88,overcast clouds,89,90,1.21,0.0,0.0
521,Hvolsvollur,IS,2020-04-25 00:18:58,63.75,-20.22,35.01,light rain,92,89,3.0,0.11,0.0
522,Zaraza,VE,2020-04-25 00:18:58,9.35,-65.32,80.22,broken clouds,64,74,10.02,0.0,0.0
523,Majene,ID,2020-04-25 00:18:59,-3.54,118.97,80.04,overcast clouds,84,98,4.14,0.0,0.0
524,Kulhudhuffushi,MV,2020-04-25 00:18:59,6.62,73.07,83.95,broken clouds,74,78,9.98,0.0,0.0
525,Golfito,CR,2020-04-25 00:15:07,8.64,-83.17,78.35,moderate rain,82,99,0.78,4.23,0.0
526,Jumla,NP,2020-04-25 00:14:45,29.27,82.18,44.08,clear sky,29,9,3.02,0.0,0.0
527,Alakurtti,RU,2020-04-25 00:18:59,66.97,30.35,26.01,overcast clouds,93,100,15.05,0.0,0.0
528,Raga,SS,2020-04-25 00:18:59,8.46,25.68,78.93,few clouds,19,23,2.75,0.0,0.0
529,Hami,CN,2020-04-25 00:14:00,42.8,93.45,59.41,clear sky,15,0,7.63,0.0,0.0
530,Agira,IT,2020-04-25 00:19:00,37.66,14.52,55.4,scattered clouds,100,40,4.7,0.0,0.0
531,El Pinon,CO,2020-04-25 00:19:00,10.4,-74.82,84.2,few clouds,74,20,11.41,0.0,0.0
532,Elban,RU,2020-04-25 00:19:00,50.1,136.51,39.4,broken clouds,66,80,2.42,0.0,0.0
533,Ballina,AU,2020-04-25 00:16:24,-28.87,153.57,73.99,clear sky,73,0,6.93,0.0,0.0
534,Raudeberg,NO,2020-04-25 00:19:00,61.99,5.14,42.01,scattered clouds,82,26,14.52,0.0,0.0
535,Ibra,OM,2020-04-25 00:19:01,22.69,58.53,78.64,clear sky,38,4,1.7,0.0,0.0
536,Charqueada,BR,2020-04-25 00:19:01,-22.51,-47.78,67.6,few clouds,72,12,3.76,0.0,0.0
537,Yilan,TW,2020-04-25 00:19:01,24.76,121.75,75.0,shower rain,82,75,4.7,0.0,0.0
538,Poum,NC,2020-04-25 00:19:01,-20.23,164.02,77.45,light rain,78,100,16.13,0.16,0.0
539,Disna,BY,2020-04-25 00:19:01,55.57,28.2,43.52,light rain,83,100,7.36,0.84,0.0
540,Kargil,IN,2020-04-25 00:19:02,34.57,76.1,28.71,clear sky,21,0,4.27,0.0,0.0
541,Moerai,PF,2020-04-25 00:19:02,-22.43,-151.33,78.48,clear sky,77,0,12.57,0.0,0.0
542,Requena,ES,2020-04-25 00:19:02,39.49,-1.1,48.0,broken clouds,80,57,3.87,0.0,0.0
543,Lynn Haven,US,2020-04-25 00:17:39,30.25,-85.65,73.99,clear sky,60,1,6.93,0.0,0.0
544,Vila Franca Do Campo,PT,2020-04-25 00:19:02,37.72,-25.43,60.8,scattered clouds,82,40,4.7,0.0,0.0
545,Palmer,US,2020-04-25 00:19:02,42.16,-72.33,46.99,overcast clouds,75,90,3.0,0.0,0.0
546,Biak,ID,2020-04-25 00:19:03,-0.91,122.88,82.17,light rain,72,91,4.47,0.25,0.0
547,Cheremkhovo,RU,2020-04-25 00:19:03,53.16,103.07,55.96,broken clouds,56,72,2.82,0.0,0.0
548,Sardarshahr,IN,2020-04-25 00:19:03,28.43,74.48,82.24,light rain,33,32,14.9,0.29,0.0
549,Leua,SK,2020-04-25 00:19:03,48.22,18.61,39.2,broken clouds,80,80,4.74,0.0,0.0
550,Aguimes,ES,2020-04-25 00:19:04,27.91,-15.45,66.2,scattered clouds,63,40,16.11,0.0,0.0
551,Harper,LR,2020-04-25 00:19:04,4.38,-7.72,79.3,overcast clouds,87,100,8.93,0.0,0.0
552,Mugur-Aksy,RU,2020-04-25 00:19:04,50.35,90.5,44.24,clear sky,22,0,6.04,0.0,0.0
553,Teguise,ES,2020-04-25 00:19:04,29.06,-13.56,64.4,few clouds,68,20,8.05,0.0,0.0
554,Kijang,KR,2020-04-25 00:17:06,35.24,129.21,60.8,few clouds,55,20,11.41,0.0,0.0
555,Kununurra,AU,2020-04-25 00:19:04,-15.77,128.73,87.8,few clouds,33,15,2.24,0.0,0.0
556,Asuncion Ixtaltepec,MX,2020-04-25 00:19:05,16.5,-95.05,85.75,clear sky,60,0,9.66,0.0,0.0
557,Antsohihy,MG,2020-04-25 00:19:05,-14.88,47.99,73.83,few clouds,86,11,2.98,0.0,0.0
558,Sistranda,NO,2020-04-25 00:19:05,63.73,8.83,42.8,broken clouds,75,75,9.17,0.0,0.0
559,Asyut,EG,2020-04-25 00:19:05,27.18,31.18,69.8,clear sky,60,0,16.11,0.0,0.0
560,Turukhansk,RU,2020-04-25 00:19:05,65.82,87.98,33.03,overcast clouds,92,100,5.06,0.0,0.0
561,Huangpi,CN,2020-04-25 00:19:05,30.88,114.38,59.0,broken clouds,87,60,8.79,0.0,0.0
562,Biloela,AU,2020-04-25 00:19:06,-24.42,150.5,78.17,clear sky,40,0,9.35,0.0,0.0
563,Geraldton,AU,2020-04-25 00:19:06,-28.77,114.6,66.2,overcast clouds,82,90,5.82,0.0,0.0
564,Somotillo,NI,2020-04-25 00:19:06,13.04,-86.91,88.57,broken clouds,48,52,7.58,0.0,0.0
565,Mareeba,AU,2020-04-25 00:19:06,-17.0,145.43,82.4,few clouds,58,20,18.34,0.0,0.0
566,Ankazoabo,MG,2020-04-25 00:19:06,-22.28,44.52,67.62,clear sky,74,0,1.41,0.0,0.0
567,Teya,RU,2020-04-25 00:19:06,60.38,92.63,47.97,overcast clouds,67,100,4.97,0.0,0.0
568,Pelym,RU,2020-04-25 00:19:06,61.01,62.0,25.45,clear sky,90,9,6.13,0.0,0.0
569,Vostochnyy,RU,2020-04-25 00:19:07,55.82,37.87,42.01,scattered clouds,93,40,6.71,0.0,0.0
570,Kimberley,ZA,2020-04-25 00:15:24,-28.73,24.76,51.8,scattered clouds,100,50,3.36,0.0,0.0
571,Oriximina,BR,2020-04-25 00:19:07,-1.77,-55.87,77.92,light rain,89,84,2.8,1.74,0.0
572,Yumen,CN,2020-04-25 00:19:07,40.28,97.2,48.61,clear sky,16,0,4.05,0.0,0.0
573,Aksarka,RU,2020-04-25 00:19:07,66.56,67.8,15.06,broken clouds,93,55,6.26,0.0,0.0
574,Roma,US,2020-04-25 00:17:55,43.21,-75.46,48.2,overcast clouds,66,90,3.36,0.0,0.0
575,Maragogi,BR,2020-04-25 00:17:03,-9.01,-35.22,79.05,scattered clouds,81,38,9.44,0.0,0.0
576,Sao Raimundo Das Mangabeiras,BR,2020-04-25 00:19:08,-7.02,-45.48,76.28,light rain,80,54,2.19,0.91,0.0
577,Shimoda,JP,2020-04-25 00:19:08,34.67,138.95,55.4,few clouds,66,20,4.7,0.0,0.0
578,Tazovskiy,RU,2020-04-25 00:19:08,67.47,78.7,18.5,few clouds,95,13,9.62,0.0,0.0
579,Shambu,ET,2020-04-25 00:19:08,9.57,37.1,59.09,broken clouds,18,57,2.3,0.0,0.0
580,Gari,RU,2020-04-25 00:19:09,59.43,62.35,25.97,scattered clouds,93,29,8.1,0.0,0.0
581,Santiago,CL,2020-04-25 00:17:35,-33.46,-70.65,60.8,broken clouds,67,75,6.93,0.0,0.0
582,Kirakira,SB,2020-04-25 00:19:09,-10.45,161.92,85.23,light rain,70,83,7.09,1.06,0.0
583,Udachnyy,RU,2020-04-25 00:16:19,66.42,112.4,37.4,broken clouds,51,82,6.71,0.0,0.0
584,Yinchuan,CN,2020-04-25 00:15:22,38.47,106.27,57.09,clear sky,13,0,6.6,0.0,0.0
585,San Javier,ES,2020-04-25 00:19:09,37.81,-0.84,60.8,broken clouds,82,75,8.05,0.0,0.0
586,Sangar,RU,2020-04-25 00:19:10,63.92,127.47,32.83,clear sky,89,2,5.41,0.0,0.0
587,Swan Hill,AU,2020-04-25 00:17:48,-35.34,143.55,66.09,broken clouds,46,75,8.88,0.0,0.0
588,Shangrao,CN,2020-04-25 00:19:10,28.45,117.97,61.25,overcast clouds,61,100,1.05,0.0,0.0
